{
    "_id": {
      "$oid": "65a569e42f196dc922f2212c"
    },
    "number_of_elements": 4,
    "mean_atomic_mass": 88.9444675,
    "wtd_mean_atomic_mass": 57.8626922857143,
    "gmean_atomic_mass": 66.3615924315719,
    "wtd_gmean_atomic_mass": 36.1166119053847,
    "entropy_atomic_mass": 1.1817952393305,
    "wtd_entropy_atomic_mass": 1.06239554519617,
    "range_atomic_mass": 122.90607,
    "wtd_range_atomic_mass": 31.7949208571429,
    "std_atomic_mass": 51.9688277861034,
    "wtd_std_atomic_mass": 53.6225345301219,
    "mean_fie": 775.425,
    "wtd_mean_fie": 1010.26857142857,
    "gmean_fie": 718.15289995213,
    "wtd_gmean_fie": 938.016780052204,
    "entropy_fie": 1.30596703599158,
    "wtd_entropy_fie": 0.791487788469155,
    "range_fie": 810.6,
    "wtd_range_fie": 735.985714285714,
    "std_fie": 323.811807806633,
    "wtd_std_fie": 355.562966713294,
    "mean_atomic_radius": 160.25,
    "wtd_mean_atomic_radius": 105.514285714286,
    "gmean_atomic_radius": 136.126003095455,
    "wtd_gmean_atomic_radius": 84.528422716633,
    "entropy_atomic_radius": 1.25924397214289,
    "wtd_entropy_atomic_radius": 1.20703998701461,
    "range_atomic_radius": 205,
    "wtd_range_atomic_radius": 42.9142857142857,
    "std_atomic_radius": 75.2375404967494,
    "wtd_std_atomic_radius": 69.2355694829807,
    "mean_Density": 4654.35725,
    "wtd_mean_Density": 2961.50228571429,
    "gmean_Density": 724.953210852388,
    "wtd_gmean_Density": 53.5438109235142,
    "entropy_Density": 1.03312880053102,
    "wtd_entropy_Density": 0.814598190091683,
    "range_Density": 8958.571,
    "wtd_range_Density": 1579.58342857143,
    "std_Density": 3306.1628967555,
    "wtd_std_Density": 3572.59662370838,
    "mean_ElectronAffinity": 81.8375,
    "wtd_mean_ElectronAffinity": 111.727142857143,
    "gmean_ElectronAffinity": 60.1231785550982,
    "wtd_gmean_ElectronAffinity": 99.4146820543113,
    "entropy_ElectronAffinity": 1.15968659338134,
    "wtd_entropy_ElectronAffinity": 0.787381690763223,
    "range_ElectronAffinity": 127.05,
    "wtd_range_ElectronAffinity": 80.9871428571429,
    "std_ElectronAffinity": 51.4337118896741,
    "wtd_std_ElectronAffinity": 42.55839575195,
    "mean_FusionHeat": 6.9055,
    "wtd_mean_FusionHeat": 3.84685714285714,
    "gmean_FusionHeat": 3.47947484936327,
    "wtd_gmean_FusionHeat": 1.04098598567486,
    "entropy_FusionHeat": 1.08857534188499,
    "wtd_entropy_FusionHeat": 0.994998193254128,
    "range_FusionHeat": 12.878,
    "wtd_range_FusionHeat": 1.74457142857143,
    "std_FusionHeat": 4.59906411675245,
    "wtd_std_FusionHeat": 4.66691955388659,
    "mean_ThermalConductivity": 107.756645,
    "wtd_mean_ThermalConductivity": 61.0151885714286,
    "gmean_ThermalConductivity": 7.06248773046785,
    "wtd_gmean_ThermalConductivity": 0.62197948704754,
    "entropy_ThermalConductivity": 0.308147989812345,
    "wtd_entropy_ThermalConductivity": 0.262848266362233,
    "range_ThermalConductivity": 399.97342,
    "wtd_range_ThermalConductivity": 57.1276685714286,
    "std_ThermalConductivity": 168.854243757651,
    "wtd_std_ThermalConductivity": 138.51716251123,
    "mean_Valence": 2.25,
    "wtd_mean_Valence": 2.25714285714286,
    "gmean_Valence": 2.21336383940064,
    "wtd_gmean_Valence": 2.21978342968743,
    "entropy_Valence": 1.36892236074022,
    "wtd_entropy_Valence": 1.0662210317362,
    "range_Valence": 1,
    "wtd_range_Valence": 1.08571428571429,
    "std_Valence": 0.433012701892219,
    "wtd_std_Valence": 0.43705881545081,
    "critical_temp": 29
  }